customerId,firstName,lastName,email,phonenumber,address,city,state,zipcode,country
1,Rebecca,Collins,rebecca.collins@example.com,555-0101,12 Oak Street,Portland,ME,04101,United States
2,Ronald,Morgan,ronald.morgan@example.com,555-0102,45 Pine Avenue,Kansas City,MO,64106,United States
3,Debra,Vargas,debra.vargas@example.com,555-0103,78 Gibson Road,Rochester,NY,14604,United States
4,Allison,Cohen,allison.cohen@example.com,555-0104,23 West Bay Road,Boston,MA,02108,United States
5,Mary,Williams,mary.williams@example.com,555-0105,91 Park Avenue,Portland,OR,97205,United States
6,Sabrina,Gill,sabrina.gill@example.com,555-0106,17 Newbury Street,Boston,MA,02116,United States
7,Rachel,Duncan,rachel.duncan@example.com,555-0107,63 River Road,Nashville,TN,37219,United States
8,Todd,Gomez,todd.gomez@example.com,555-0108,34 Lake Drive,Chicago,IL,60601,United States
9,Michael,Garcia,michael.garcia@example.com,555-0109,56 Fifth Avenue,New York,NY,10011,United States
10,Kathryn,Miller,kathryn.miller@example.com,555-0110,29 Summit Street,Denver,CO,80202,United States
11,Michael,Hoover,michael.hoover@example.com,555-0111,14 Main Street,Austin,TX,78701,United States
12,Walter,Jensen,walter.jensen@example.com,555-0112,88 Hayes Road,San Jose,CA,95113,United States
13,Laura,Perez,laura.perez@example.com,555-0113,41 Lake Street,Miami,FL,33130,United States
14,Erica,Carpenter,erica.carpenter@example.com,555-0114,72 North Avenue,Charlotte,NC,28202,United States
15,Judith,Morales,judith.morales@example.com,555-0115,19 Market Street,Nashville,TN,37203,United States
16,Todd,Holmes,todd.holmes@example.com,555-0116,53 Cherry Street,Richmond,VA,23219,United States
17,Kathryn,Roberts,kathryn.roberts@example.com,555-0117,26 Grand Avenue,Phoenix,AZ,85004,United States
18,David,Watkins,david.watkins@example.com,555-0118,67 Harbor Road,Seattle,WA,98101,United States
19,Corey,Collins,corey.collins@example.com,555-0119,38 Elm Street,Detroit,MI,48226,United States
20,Alvin,Avila,alvin.avila@example.com,555-0120,92 Maple Avenue,Tampa,FL,33602,United States
21,Rachel,Meyer,rachel.meyer@example.com,555-0121,15 Spring Street,Atlanta,GA,30303,United States
22,Deborah,Anderson,deborah.anderson@example.com,555-0122,47 Willow Road,Dallas,TX,75201,United States
23,Michael,Miller,michael.miller@example.com,555-0123,81 Jefferson Street,Pittsburgh,PA,15222,United States
24,Carl,Wood,carl.wood@example.com,555-0124,36 Walnut Avenue,Cleveland,OH,44114,United States
25,Jeffrey,Moore,jeffrey.moore@example.com,555-0125,59 Washington Street,Baltimore,MD,21201,United States
26,Shawn,Roth,shawn.roth@example.com,555-0126,24 Madison Avenue,Albany,NY,12207,United States
27,Laura,Nelson,laura.nelson@example.com,555-0127,73 Center Street,Minneapolis,MN,55401,United States
28,Andrea,Morales,andrea.morales@example.com,555-0128,11 Main Avenue,Las Vegas,NV,89101,United States
29,Taylor,Ramos,taylor.ramos@example.com,555-0129,42 Oak Road,San Diego,CA,92101,United States
30,Hannah,Zamora,hannah.zamora@example.com,555-0130,68 Cedar Street,Burlington,VT,05401,United States
31,Ryan,Herrera,ryan.herrera@example.com,555-0131,35 State Street,Columbus,OH,43215,United States
32,William,Cooper,william.cooper@example.com,555-0132,79 Pearl Street,Newark,NJ,07102,United States
33,James,Mendoza,james.mendoza@example.com,555-0133,18 Franklin Road,Phoenix,AZ,85003,United States
34,Troy,Coleman,troy.coleman@example.com,555-0134,64 Monroe Street,Sacramento,CA,95814,United States
35,Adam,Smith,adam.smith@example.com,555-0135,27 Lincoln Avenue,Omaha,NE,68102,United States
36,Suzanne,Smith,suzanne.smith@example.com,555-0136,83 Forest Road,Raleigh,NC,27601,United States
37,Samantha,Gonzalez,samantha.gonzalez@example.com,555-0137,46 Birch Street,Salt Lake City,UT,84111,United States
38,Anna,Russell,anna.russell@example.com,555-0138,31 King Avenue,Boston,MA,02109,United States
39,Jennifer,Tucker,jennifer.tucker@example.com,555-0139,75 Queen Street,Providence,RI,02903,United States
40,Becky,Rodriguez,becky.rodriguez@example.com,555-0140,22 River Avenue,Albuquerque,NM,87102,United States
41,Maria,Santos,maria.santos@example.com,555-0141,14 Avenida Central,Lisbon,,1100-001,Portugal
42,Daniel,Smith,daniel.smith@example.com,555-0142,28 King Street,London,,SW1A 1AA,United Kingdom
43,Sophie,Martin,sophie.martin@example.com,555-0143,36 Rue Victor Hugo,Paris,,75001,France
44,Luca,Bianchi,luca.bianchi@example.com,555-0144,52 Via Roma,Milan,,20121,Italy
45,Emma,Johnson,emma.johnson@example.com,555-0145,19 George Street,Sydney,NSW,2000,Australia
46,Oliver,Brown,oliver.brown@example.com,555-0146,63 Collins Street,Melbourne,VIC,3000,Australia
47,Yuki,Tanaka,yuki.tanaka@example.com,555-0147,7 Sakura Avenue,Tokyo,,100-0001,Japan
48,Min,Kim,min.kim@example.com,555-0148,44 Gangnam-daero,Seoul,,06000,South Korea
49,Chen,Wei,chen.wei@example.com,555-0149,18 Nanjing Road,Shanghai,,200001,China
50,Aisha,Khan,aisha.khan@example.com,555-0150,27 Clifton Road,Birmingham,,B1 1AA,United Kingdom
51,John,Brown,john.brown1@example.com,555-1500,100 Oak Street,Denver,CO,80203,United States
52,Sarah,Johnson,sarah.johnson2@example.com,555-1501,101 Maple Street,Toronto,ON,M5V 2T6,Canada
53,Robert,Lewis,robert.lewis3@example.com,555-1502,102 Pine Street,Berlin,,10115,Germany
54,Emily,Allen,emily.allen4@example.com,555-1503,103 Cedar Street,Seattle,WA,98109,United States
55,Thomas,Wright,thomas.wright5@example.com,555-1504,104 River Street,Mexico City,,01000,Mexico
56,Grace,Baker,grace.baker6@example.com,555-1505,105 Lake Street,Madrid,,28001,Spain
57,Henry,Hill,henry.hill7@example.com,555-1506,106 Market Street,Atlanta,GA,30309,United States
58,Olivia,Taylor,olivia.taylor8@example.com,555-1507,107 Park Street,Stockholm,,111 20,Sweden
59,Daniel,Davis,daniel.davis9@example.com,555-1508,108 Oak Street,Auckland,,1010,New Zealand
60,Sophia,Walker,sophia.walker10@example.com,555-1509,109 Maple Street,San Francisco,CA,94107,United States
61,Andrew,Young,andrew.young11@example.com,555-1510,110 Pine Street,Bengaluru,Karnataka,560001,India
62,Chloe,Scott,chloe.scott12@example.com,555-1511,111 Cedar Street,Toronto,ON,M5V 2T6,Canada
63,Matthew,Adams,matthew.adams13@example.com,555-1512,112 River Street,New York,NY,10019,United States
64,Mia,Parker,mia.parker14@example.com,555-1513,113 Lake Street,Sao Paulo,SP,01000-000,Brazil
65,Christopher,Wilson,christopher.wilson15@example.com,555-1514,114 Market Street,Mexico City,,01000,Mexico
66,Ella,Clark,ella.clark16@example.com,555-1515,115 Park Street,Denver,CO,80203,United States
67,Joseph,Hall,joseph.hall17@example.com,555-1516,116 Oak Street,Amsterdam,,1012,Netherlands
68,Lily,King,lily.king18@example.com,555-1517,117 Maple Street,Stockholm,,111 20,Sweden
69,Samuel,Green,samuel.green19@example.com,555-1518,118 Pine Street,Seattle,WA,98109,United States
70,Zoe,Turner,zoe.turner20@example.com,555-1519,119 Cedar Street,Singapore,,018956,Singapore
71,John,Brown,john.brown21@example.com,555-1520,120 River Street,Bengaluru,Karnataka,560001,India
72,Sarah,Johnson,sarah.johnson22@example.com,555-1521,121 Lake Street,Atlanta,GA,30309,United States
73,Robert,Lewis,robert.lewis23@example.com,555-1522,122 Market Street,Berlin,,10115,Germany
74,Emily,Allen,emily.allen24@example.com,555-1523,123 Park Street,Sao Paulo,SP,01000-000,Brazil
75,Thomas,Wright,thomas.wright25@example.com,555-1524,124 Oak Street,San Francisco,CA,94107,United States
76,Grace,Baker,grace.baker26@example.com,555-1525,125 Maple Street,Madrid,,28001,Spain
77,Henry,Hill,henry.hill27@example.com,555-1526,126 Pine Street,Amsterdam,,1012,Netherlands
78,Olivia,Taylor,olivia.taylor28@example.com,555-1527,127 Cedar Street,New York,NY,10019,United States
79,Daniel,Davis,daniel.davis29@example.com,555-1528,128 River Street,Auckland,,1010,New Zealand
80,Sophia,Walker,sophia.walker30@example.com,555-1529,129 Lake Street,Singapore,,018956,Singapore
81,Andrew,Young,andrew.young31@example.com,555-1530,130 Market Street,Denver,CO,80203,United States
82,Chloe,Scott,chloe.scott32@example.com,555-1531,131 Park Street,Toronto,ON,M5V 2T6,Canada
83,Matthew,Adams,matthew.adams33@example.com,555-1532,132 Oak Street,Berlin,,10115,Germany
84,Mia,Parker,mia.parker34@example.com,555-1533,133 Maple Street,Seattle,WA,98109,United States
85,Christopher,Wilson,christopher.wilson35@example.com,555-1534,134 Pine Street,Mexico City,,01000,Mexico
86,Ella,Clark,ella.clark36@example.com,555-1535,135 Cedar Street,Madrid,,28001,Spain
87,Joseph,Hall,joseph.hall37@example.com,555-1536,136 River Street,Atlanta,GA,30309,United States
88,Lily,King,lily.king38@example.com,555-1537,137 Lake Street,Stockholm,,111 20,Sweden
89,Samuel,Green,samuel.green39@example.com,555-1538,138 Market Street,Auckland,,1010,New Zealand
90,Zoe,Turner,zoe.turner40@example.com,555-1539,139 Park Street,San Francisco,CA,94107,United States
91,John,Brown,john.brown41@example.com,555-1540,140 Oak Street,Bengaluru,Karnataka,560001,India
92,Sarah,Johnson,sarah.johnson42@example.com,555-1541,141 Maple Street,Toronto,ON,M5V 2T6,Canada
93,Robert,Lewis,robert.lewis43@example.com,555-1542,142 Pine Street,New York,NY,10019,United States
94,Emily,Allen,emily.allen44@example.com,555-1543,143 Cedar Street,Sao Paulo,SP,01000-000,Brazil
95,Thomas,Wright,thomas.wright45@example.com,555-1544,144 River Street,Mexico City,,01000,Mexico
96,Grace,Baker,grace.baker46@example.com,555-1545,145 Lake Street,Denver,CO,80203,United States
97,Henry,Hill,henry.hill47@example.com,555-1546,146 Market Street,Amsterdam,,1012,Netherlands
98,Olivia,Taylor,olivia.taylor48@example.com,555-1547,147 Park Street,Stockholm,,111 20,Sweden
99,Daniel,Davis,daniel.davis49@example.com,555-1548,148 Oak Street,Seattle,WA,98109,United States
100,Sophia,Walker,sophia.walker50@example.com,555-1549,149 Maple Street,Singapore,,018956,Singapore
101,Andrew,Young,andrew.young51@example.com,555-1550,150 Pine Street,Bengaluru,Karnataka,560001,India
102,Chloe,Scott,chloe.scott52@example.com,555-1551,151 Cedar Street,Atlanta,GA,30309,United States
103,Matthew,Adams,matthew.adams53@example.com,555-1552,152 River Street,Berlin,,10115,Germany
104,Mia,Parker,mia.parker54@example.com,555-1553,153 Lake Street,Sao Paulo,SP,01000-000,Brazil
105,Christopher,Wilson,christopher.wilson55@example.com,555-1554,154 Market Street,San Francisco,CA,94107,United States
106,Ella,Clark,ella.clark56@example.com,555-1555,155 Park Street,Madrid,,28001,Spain
107,Joseph,Hall,joseph.hall57@example.com,555-1556,156 Oak Street,Amsterdam,,1012,Netherlands
108,Lily,King,lily.king58@example.com,555-1557,157 Maple Street,New York,NY,10019,United States
109,Samuel,Green,samuel.green59@example.com,555-1558,158 Pine Street,Auckland,,1010,New Zealand
110,Zoe,Turner,zoe.turner60@example.com,555-1559,159 Cedar Street,Singapore,,018956,Singapore
111,John,Brown,john.brown61@example.com,555-1560,160 River Street,Denver,CO,80203,United States
112,Sarah,Johnson,sarah.johnson62@example.com,555-1561,161 Lake Street,Toronto,ON,M5V 2T6,Canada
113,Robert,Lewis,robert.lewis63@example.com,555-1562,162 Market Street,Berlin,,10115,Germany
114,Emily,Allen,emily.allen64@example.com,555-1563,163 Park Street,Seattle,WA,98109,United States
115,Thomas,Wright,thomas.wright65@example.com,555-1564,164 Oak Street,Mexico City,,01000,Mexico
116,Grace,Baker,grace.baker66@example.com,555-1565,165 Maple Street,Madrid,,28001,Spain
117,Henry,Hill,henry.hill67@example.com,555-1566,166 Pine Street,Atlanta,GA,30309,United States
118,Olivia,Taylor,olivia.taylor68@example.com,555-1567,167 Cedar Street,Stockholm,,111 20,Sweden
119,Daniel,Davis,daniel.davis69@example.com,555-1568,168 River Street,Auckland,,1010,New Zealand
120,Sophia,Walker,sophia.walker70@example.com,555-1569,169 Lake Street,San Francisco,CA,94107,United States
121,Andrew,Young,andrew.young71@example.com,555-1570,170 Market Street,Bengaluru,Karnataka,560001,India
122,Chloe,Scott,chloe.scott72@example.com,555-1571,171 Park Street,Toronto,ON,M5V 2T6,Canada
123,Matthew,Adams,matthew.adams73@example.com,555-1572,172 Oak Street,New York,NY,10019,United States
124,Mia,Parker,mia.parker74@example.com,555-1573,173 Maple Street,Sao Paulo,SP,01000-000,Brazil
125,Christopher,Wilson,christopher.wilson75@example.com,555-1574,174 Pine Street,Mexico City,,01000,Mexico
126,Ella,Clark,ella.clark76@example.com,555-1575,175 Cedar Street,Denver,CO,80203,United States
127,Joseph,Hall,joseph.hall77@example.com,555-1576,176 River Street,Amsterdam,,1012,Netherlands
128,Lily,King,lily.king78@example.com,555-1577,177 Lake Street,Stockholm,,111 20,Sweden
129,Samuel,Green,samuel.green79@example.com,555-1578,178 Market Street,Seattle,WA,98109,United States
130,Zoe,Turner,zoe.turner80@example.com,555-1579,179 Park Street,Singapore,,018956,Singapore
131,John,Brown,john.brown81@example.com,555-1580,180 Oak Street,Bengaluru,Karnataka,560001,India
132,Sarah,Johnson,sarah.johnson82@example.com,555-1581,181 Maple Street,Atlanta,GA,30309,United States
133,Robert,Lewis,robert.lewis83@example.com,555-1582,182 Pine Street,Berlin,,10115,Germany
134,Emily,Allen,emily.allen84@example.com,555-1583,183 Cedar Street,Sao Paulo,SP,01000-000,Brazil
135,Thomas,Wright,thomas.wright85@example.com,555-1584,184 River Street,San Francisco,CA,94107,United States
136,Grace,Baker,grace.baker86@example.com,555-1585,185 Lake Street,Madrid,,28001,Spain
137,Henry,Hill,henry.hill87@example.com,555-1586,186 Market Street,Amsterdam,,1012,Netherlands
138,Olivia,Taylor,olivia.taylor88@example.com,555-1587,187 Park Street,New York,NY,10019,United States
139,Daniel,Davis,daniel.davis89@example.com,555-1588,188 Oak Street,Auckland,,1010,New Zealand
140,Sophia,Walker,sophia.walker90@example.com,555-1589,189 Maple Street,Singapore,,018956,Singapore
141,Andrew,Young,andrew.young91@example.com,555-1590,190 Pine Street,Denver,CO,80203,United States
142,Chloe,Scott,chloe.scott92@example.com,555-1591,191 Cedar Street,Toronto,ON,M5V 2T6,Canada
143,Matthew,Adams,matthew.adams93@example.com,555-1592,192 River Street,Berlin,,10115,Germany
144,Mia,Parker,mia.parker94@example.com,555-1593,193 Lake Street,Seattle,WA,98109,United States
145,Christopher,Wilson,christopher.wilson95@example.com,555-1594,194 Market Street,Mexico City,,01000,Mexico
146,Ella,Clark,ella.clark96@example.com,555-1595,195 Park Street,Madrid,,28001,Spain
147,Joseph,Hall,joseph.hall97@example.com,555-1596,196 Oak Street,Atlanta,GA,30309,United States
148,Lily,King,lily.king98@example.com,555-1597,197 Maple Street,Stockholm,,111 20,Sweden
149,Samuel,Green,samuel.green99@example.com,555-1598,198 Pine Street,Auckland,,1010,New Zealand
150,Zoe,Turner,zoe.turner100@example.com,555-1599,199 Cedar Street,San Francisco,CA,94107,United States
151,John,Brown,john.brown101@example.com,555-1600,200 River Street,Bengaluru,Karnataka,560001,India
152,Sarah,Johnson,sarah.johnson102@example.com,555-1601,201 Lake Street,Toronto,ON,M5V 2T6,Canada
153,Robert,Lewis,robert.lewis103@example.com,555-1602,202 Market Street,New York,NY,10019,United States
154,Emily,Allen,emily.allen104@example.com,555-1603,203 Park Street,Sao Paulo,SP,01000-000,Brazil
155,Thomas,Wright,thomas.wright105@example.com,555-1604,204 Oak Street,Mexico City,,01000,Mexico
156,Grace,Baker,grace.baker106@example.com,555-1605,205 Maple Street,Denver,CO,80203,United States
157,Henry,Hill,henry.hill107@example.com,555-1606,206 Pine Street,Amsterdam,,1012,Netherlands
158,Olivia,Taylor,olivia.taylor108@example.com,555-1607,207 Cedar Street,Stockholm,,111 20,Sweden
159,Daniel,Davis,daniel.davis109@example.com,555-1608,208 River Street,Seattle,WA,98109,United States
160,Sophia,Walker,sophia.walker110@example.com,555-1609,209 Lake Street,Singapore,,018956,Singapore
161,Andrew,Young,andrew.young111@example.com,555-1610,210 Market Street,Bengaluru,Karnataka,560001,India
162,Chloe,Scott,chloe.scott112@example.com,555-1611,211 Park Street,Atlanta,GA,30309,United States
163,Matthew,Adams,matthew.adams113@example.com,555-1612,212 Oak Street,Berlin,,10115,Germany
164,Mia,Parker,mia.parker114@example.com,555-1613,213 Maple Street,Sao Paulo,SP,01000-000,Brazil
165,Christopher,Wilson,christopher.wilson115@example.com,555-1614,214 Pine Street,San Francisco,CA,94107,United States
166,Ella,Clark,ella.clark116@example.com,555-1615,215 Cedar Street,Madrid,,28001,Spain
167,Joseph,Hall,joseph.hall117@example.com,555-1616,216 River Street,Amsterdam,,1012,Netherlands
168,Lily,King,lily.king118@example.com,555-1617,217 Lake Street,New York,NY,10019,United States
169,Samuel,Green,samuel.green119@example.com,555-1618,218 Market Street,Auckland,,1010,New Zealand
170,Zoe,Turner,zoe.turner120@example.com,555-1619,219 Park Street,Singapore,,018956,Singapore
171,John,Brown,john.brown121@example.com,555-1620,220 Oak Street,Denver,CO,80203,United States
172,Sarah,Johnson,sarah.johnson122@example.com,555-1621,221 Maple Street,Toronto,ON,M5V 2T6,Canada
173,Robert,Lewis,robert.lewis123@example.com,555-1622,222 Pine Street,Berlin,,10115,Germany
174,Emily,Allen,emily.allen124@example.com,555-1623,223 Cedar Street,Seattle,WA,98109,United States
175,Thomas,Wright,thomas.wright125@example.com,555-1624,224 River Street,Mexico City,,01000,Mexico
176,Grace,Baker,grace.baker126@example.com,555-1625,225 Lake Street,Madrid,,28001,Spain
177,Henry,Hill,henry.hill127@example.com,555-1626,226 Market Street,Atlanta,GA,30309,United States
178,Olivia,Taylor,olivia.taylor128@example.com,555-1627,227 Park Street,Stockholm,,111 20,Sweden
179,Daniel,Davis,daniel.davis129@example.com,555-1628,228 Oak Street,Auckland,,1010,New Zealand
180,Sophia,Walker,sophia.walker130@example.com,555-1629,229 Maple Street,San Francisco,CA,94107,United States
181,Andrew,Young,andrew.young131@example.com,555-1630,230 Pine Street,Bengaluru,Karnataka,560001,India
182,Chloe,Scott,chloe.scott132@example.com,555-1631,231 Cedar Street,Toronto,ON,M5V 2T6,Canada
183,Matthew,Adams,matthew.adams133@example.com,555-1632,232 River Street,New York,NY,10019,United States
184,Mia,Parker,mia.parker134@example.com,555-1633,233 Lake Street,Sao Paulo,SP,01000-000,Brazil
185,Christopher,Wilson,christopher.wilson135@example.com,555-1634,234 Market Street,Mexico City,,01000,Mexico
186,Ella,Clark,ella.clark136@example.com,555-1635,235 Park Street,Denver,CO,80203,United States
187,Joseph,Hall,joseph.hall137@example.com,555-1636,236 Oak Street,Amsterdam,,1012,Netherlands
188,Lily,King,lily.king138@example.com,555-1637,237 Maple Street,Stockholm,,111 20,Sweden
189,Samuel,Green,samuel.green139@example.com,555-1638,238 Pine Street,Seattle,WA,98109,United States
190,Zoe,Turner,zoe.turner140@example.com,555-1639,239 Cedar Street,Singapore,,018956,Singapore
191,John,Brown,john.brown141@example.com,555-1640,240 River Street,Bengaluru,Karnataka,560001,India
192,Sarah,Johnson,sarah.johnson142@example.com,555-1641,241 Lake Street,Atlanta,GA,30309,United States
193,Robert,Lewis,robert.lewis143@example.com,555-1642,242 Market Street,Berlin,,10115,Germany
194,Emily,Allen,emily.allen144@example.com,555-1643,243 Park Street,Sao Paulo,SP,01000-000,Brazil
195,Thomas,Wright,thomas.wright145@example.com,555-1644,244 Oak Street,San Francisco,CA,94107,United States
196,Grace,Baker,grace.baker146@example.com,555-1645,245 Maple Street,Madrid,,28001,Spain
197,Henry,Hill,henry.hill147@example.com,555-1646,246 Pine Street,Amsterdam,,1012,Netherlands
198,Olivia,Taylor,olivia.taylor148@example.com,555-1647,247 Cedar Street,New York,NY,10019,United States
199,Daniel,Davis,daniel.davis149@example.com,555-1648,248 River Street,Auckland,,1010,New Zealand
200,Sophia,Walker,sophia.walker150@example.com,555-1649,249 Lake Street,Singapore,,018956,Singapore
